episode,iteration,return,length,max_progress
1,0,41.774526834487915,43,0.0
2,0,58.829777240753174,56,0.0
3,0,24.576154470443726,26,0.0
4,0,165.80837416648865,66,0.01129891537129879
5,0,77.7631448507309,52,0.016219547018408775
6,0,278.7991875708103,142,0.07401246577501297
7,0,149.4545641541481,82,0.04026089981198311
8,0,76.23885840177536,52,0.012529073283076286
9,0,177.03500372171402,112,0.03765174373984337
10,0,39.54723018407822,33,0.0
11,0,148.19860523939133,95,0.02241455763578415
12,0,136.12885501980782,97,0.02988394722342491
13,0,70.10253208875656,48,0.010068757459521294
14,0,257.2004187107086,100,0.014989389106631279
15,0,226.92584139108658,115,0.05325126275420189
16,0,185.4961700439453,70,0.014989389106631279
17,0,75.4686496257782,77,0.0
18,0,172.64132112264633,142,0.02116965875029564
19,0,179.574343085289,100,0.02116965875029564
20,0,83.81998997926712,55,0.01129891537129879
21,0,93.41405701637268,58,0.019924761727452278
22,0,87.67978543043137,88,0.0
23,0,80.50670394301414,51,0.013759231194853783
24,0,53.99454754590988,55,0.0
25,0,27.993098855018616,28,0.0
26,0,152.07561774551868,116,0.03504258394241333
27,0,108.49724178016186,83,0.013759231194853783
28,1,190.83023005723953,84,0.04414835199713707
29,1,35.77777874469757,37,0.0
30,1,174.25120067596436,109,0.02365945652127266
31,1,49.515928626060486,45,0.0
32,1,99.5097424685955,66,0.013759231194853783
33,1,28.770025432109833,30,0.0
34,1,154.48654574155807,70,0.02116965875029564
35,1,18.794283092021942,20,0.0
36,1,283.3079599738121,155,0.04287005960941315
37,1,93.6552591919899,57,0.010068757459521294
38,1,14.498504042625427,16,0.0
39,1,26.049995183944702,27,0.0
40,1,40.66363328695297,37,0.0
41,1,18.73615175485611,20,0.0
42,1,144.64275261759758,73,0.02241455763578415
43,1,113.7750523686409,85,0.02241455763578415
44,1,56.6714009642601,58,0.0
45,1,94.96744483709335,65,0.016219547018408775
46,1,203.39936769008636,61,0.010068757459521294
47,1,212.43020194768906,103,0.06015569344162941
48,1,161.33757331967354,69,0.02365945652127266
49,1,156.60356211662292,122,0.02241455763578415
50,1,114.67660922557116,77,0.02241455763578415
51,1,24.923498213291168,25,0.0
52,1,386.72103160619736,216,0.07967501878738403
53,1,164.82132065296173,156,0.0012680735671892762
54,1,92.17686641216278,93,0.0
