iteration,total_steps,episodes,avg_return,avg_length,kl,policy_loss,value_loss,std_steer,std_throttle,std_brake,seconds
0,2048,3,99.25196699301402,67.66666666666667,0.002421346493065357,0.0022801347076892853,10.875907897949219,0.998188316822052,0.9957186579704285,0.989048182964325,239.72748684883118
1,4096,13,256.5737944096327,372.6,0.005004526115953922,-0.023282794281840324,70.63219451904297,1.0078020095825195,0.9844245910644531,0.9700417518615723,241.02859020233154
2,6144,39,189.45614705979824,68.8,0.00036006607115268707,-0.0026140129193663597,309.9557800292969,1.0050933361053467,0.9828699231147766,0.9737421870231628,240.48990964889526
3,8192,64,152.74400083124638,87.2,0.001189730130136013,-0.004997827112674713,13267.7568359375,1.0052330493927002,0.9835753440856934,0.9734377264976501,240.43399715423584
4,10240,87,169.5581941306591,93.6,0.003384648822247982,-0.0028038769960403442,119.23493957519531,1.0007492303848267,0.9797590970993042,0.9747040867805481,240.33801293373108
5,12288,118,112.69035742580891,59.5,0.005892538465559483,0.009146168828010559,1370.8369140625,0.9968612194061279,0.9731730222702026,0.9697429537773132,240.65048933029175
6,14336,151,95.62350930273533,58.4,0.004365229047834873,0.002558894455432892,5326.6708984375,0.9945707321166992,0.97688889503479,0.9628467559814453,240.6932237148285
7,16384,172,166.43406882733106,81.9,0.003954722546041012,0.03199328854680061,313.5149230957031,0.9950754642486572,0.9812938570976257,0.9660955667495728,240.28409385681152
8,18432,172,166.43406882733106,81.9,0.005170363001525402,-0.015116654336452484,5.4825825691223145,0.9857959747314453,0.9741132855415344,0.9475612640380859,239.54696321487427
9,20480,195,460.1795056939125,57.2,0.00638117641210556,-0.0010743830353021622,88063.0859375,0.9858649969100952,0.9700486660003662,0.9465973377227783,240.53045439720154
10,22528,221,358.41549134850504,85.9,0.001452895812690258,-0.002508563920855522,16823.228515625,0.9876960515975952,0.9704602360725403,0.9458785057067871,240.62619543075562
11,24576,248,178.6717062406242,77.5,0.005056925117969513,-0.00816350057721138,416.747802734375,0.986125648021698,0.9632546901702881,0.9521054625511169,240.60677075386047
12,26624,277,85.46897891461849,51.7,0.004981793463230133,-0.025899063795804977,10314.865234375,0.9844437837600708,0.9568654298782349,0.9569858908653259,240.59013962745667
13,28672,302,146.13235090374945,86.1,0.00364774651825428,-0.007947120815515518,301.3020324707031,0.989115834236145,0.9623401761054993,0.9460718035697937,240.4586775302887
14,30720,324,231.94192221164704,92.7,0.0037520304322242737,0.009258193895220757,4279.55517578125,0.9904072284698486,0.9590787887573242,0.942772388458252,240.32458662986755
15,32768,349,258.1119252614677,85.2,0.0065845223143696785,0.014735284261405468,2770.28955078125,0.9906347393989563,0.9584198594093323,0.942611813545227,240.4806444644928
16,34816,370,155.614083224535,87.9,0.007041658274829388,-0.011781066656112671,615.7098999023438,0.9852771162986755,0.9624357223510742,0.9488615989685059,240.29347395896912
17,36864,396,126.55222466886043,65.9,0.014295238070189953,-0.008637972176074982,589.543212890625,0.9645205736160278,0.9616511464118958,0.9505784511566162,240.48373174667358
18,38912,413,192.43563418611885,94.5,0.005142275243997574,-0.002895064651966095,312.7239074707031,0.9691328406333923,0.9667298197746277,0.9542948007583618,240.16793513298035
19,40960,431,249.21184391900897,127.1,0.006450353190302849,-0.008959555998444557,660.552734375,0.9728299975395203,0.96004718542099,0.9647859930992126,240.1762204170227
20,43008,453,146.33962402120233,71.3,0.005586240440607071,-0.016416437923908234,1368.1944580078125,0.9683530926704407,0.9408068656921387,0.9770549535751343,240.31778001785278
21,45056,475,235.03896218687296,98.9,0.00510831456631422,0.006383543834090233,759.0162353515625,0.9617185592651367,0.9482061266899109,0.9852371215820312,240.3317267894745
22,47104,494,204.5513445869088,96.0,0.003605472855269909,0.0007956381887197495,1042.608154296875,0.959330141544342,0.9483948349952698,0.9874206781387329,240.23180222511292
23,49152,516,221.52131542041897,92.7,0.0014907000586390495,-0.00992961972951889,1374.9876708984375,0.9590946435928345,0.947578489780426,0.9865123629570007,240.36567187309265
24,51200,541,207.1318900555372,93.6,0.005664379335939884,-0.009655915200710297,746.9471435546875,0.9579224586486816,0.9473579525947571,0.9871776700019836,240.44682550430298
25,53248,559,255.6496846780181,125.0,0.004220409318804741,-0.012160085141658783,3093.64697265625,0.9571403861045837,0.9464914798736572,0.9875651597976685,240.20013332366943
26,55296,580,239.99312059655784,103.9,0.005500000901520252,-0.0272132009267807,1305.4891357421875,0.9569403529167175,0.9465218186378479,0.9880384802818298,240.29720425605774
27,57344,600,414.00920333564284,130.5,0.004261237569153309,0.006686512380838394,1157.8388671875,0.9571399688720703,0.9468002319335938,0.9890617728233337,240.25936317443848
28,59392,618,247.2375007575378,105.8,0.005573880858719349,0.00010970048606395721,5819.46337890625,0.9562602043151855,0.9463890790939331,0.9896974563598633,240.22085809707642
29,61440,640,245.47529852688314,85.4,0.0030366573482751846,0.001844078884460032,4568.8994140625,0.9554933905601501,0.9467480182647705,0.989421010017395,240.3381199836731
30,63488,661,182.0767069488764,82.6,0.0049944110214710236,-0.000400397926568985,666.4884033203125,0.9553906321525574,0.9486809968948364,0.9895215630531311,240.30124425888062
31,65536,673,295.0486584752798,97.9,0.0054329270496964455,0.008641175925731659,256.00372314453125,0.9536661505699158,0.9487930536270142,0.9878225326538086,239.90247797966003
32,67584,673,295.0486584752798,97.9,0.0034024277701973915,-0.011192386969923973,0.17504915595054626,0.9742631316184998,0.9254077076911926,0.9864765405654907,239.55221009254456
33,69632,696,245.0891077399254,88.0,0.003740173764526844,-0.004144003614783287,1553.0992431640625,0.9722266793251038,0.9244215488433838,0.9855002760887146,240.37432193756104
34,71680,717,293.55569848045707,99.1,0.0019562672823667526,0.014134936034679413,1823.95068359375,0.9707083702087402,0.9236851930618286,0.9856106042861938,240.27676653862
35,73728,742,210.33663359880447,80.7,0.005502876825630665,0.006423597224056721,739.78515625,0.9666826725006104,0.923403799533844,0.9829220175743103,240.42830777168274
36,75776,765,257.936648491025,79.9,0.001848422922194004,-0.010061843320727348,2714.090576171875,0.9664966464042664,0.9217975735664368,0.9803838133811951,240.37019991874695
37,77824,765,257.936648491025,79.9,0.0041785407811403275,-0.003997504711151123,0.25659456849098206,0.9592586755752563,0.9242837429046631,0.9637495875358582,239.53507113456726
38,79872,779,284.08151718080046,91.7,0.004098353907465935,-0.003767018672078848,518.6762084960938,0.9570051431655884,0.9261146187782288,0.9643405675888062,240.0604498386383
39,81920,805,186.54925733804703,86.0,0.005889911204576492,0.008367147296667099,1573.2518310546875,0.9536235928535461,0.9266512989997864,0.9658572673797607,240.5032021999359
40,83968,832,215.63144726753234,80.5,0.0021720854565501213,-0.005436135455965996,921.6192016601562,0.9522591829299927,0.9262809157371521,0.965823769569397,240.5218641757965
41,86016,855,244.5217448681593,96.7,0.0029124589636921883,-0.009978879243135452,820.0313720703125,0.9524084329605103,0.9245464205741882,0.9689956903457642,240.35980105400085
42,88064,878,238.78754951357843,72.2,0.004713159985840321,-0.002839089371263981,1654.19482421875,0.9538723826408386,0.9254992008209229,0.9703955054283142,240.44395208358765
43,90112,903,490.6762781620026,88.7,0.004335440695285797,-0.004328321665525436,877.9765625,0.9525824189186096,0.9248452186584473,0.9711294770240784,240.45216703414917
44,92160,926,237.23439375460148,82.7,0.004617156460881233,-0.008756313472986221,1028.18408203125,0.953025758266449,0.9255764484405518,0.9733955264091492,240.38157558441162
45,94208,951,213.59726031422616,79.9,0.0071124304085969925,-0.019873563200235367,944.483154296875,0.9488769769668579,0.9232807755470276,0.9708821177482605,240.4568874835968
46,96256,975,187.52468398101627,85.1,0.004312996752560139,-0.026293223723769188,11065.8994140625,0.9472227096557617,0.9240911602973938,0.9702544808387756,240.40559363365173
47,98304,996,276.8678703069687,103.2,0.006984006613492966,-0.01178000494837761,4540.501953125,0.9513686895370483,0.923884391784668,0.9647905826568604,240.31971096992493
48,100352,1019,216.6973600178957,98.1,0.005732049234211445,-0.012151647359132767,599.9353637695312,0.9512779712677002,0.9205577969551086,0.9656373262405396,240.37637209892273
49,102400,1043,325.16058727651836,98.1,0.002037767320871353,-0.004172760993242264,2244.922119140625,0.9504714012145996,0.9211497902870178,0.9625171422958374,240.4507987499237
50,104448,1066,240.46765714287758,86.6,0.012341633439064026,0.001400357112288475,809.2879638671875,0.9487664103507996,0.9220442771911621,0.9616562128067017,240.39099025726318
51,106496,1091,217.49243939518928,87.6,0.0024250606074929237,-0.0036812927573919296,1500.6732177734375,0.9422017931938171,0.9259544014930725,0.9590616226196289,240.47250485420227
52,108544,1115,208.0906067341566,91.1,0.007909942418336868,0.01089555025100708,754.0955200195312,0.9413161873817444,0.9257962107658386,0.9639080762863159,240.43147730827332
53,110592,1136,251.4389594808221,97.3,0.0033081751316785812,0.007461078464984894,862.8137817382812,0.9403594732284546,0.920494019985199,0.9702335000038147,240.46229219436646
54,112640,1156,168.88078906834124,91.9,0.00573818851262331,-0.01032506674528122,506.05120849609375,0.9398597478866577,0.9266713261604309,0.9806872606277466,240.4715166091919
55,114688,1175,229.67869493812321,105.7,0.005627443082630634,-0.02178770676255226,1118.8597412109375,0.9208953976631165,0.9225544333457947,0.9808657169342041,240.33256483078003
56,116736,1198,234.51049206256866,87.9,0.0031639505177736282,-0.00942915491759777,849.6563720703125,0.9115428924560547,0.9297388195991516,0.979010283946991,240.4733967781067
57,118784,1217,284.0864706724882,106.5,0.006059335544705391,-0.0034710057079792023,967.8492431640625,0.910961389541626,0.9258279204368591,0.9733787775039673,240.2452347278595
58,120832,1237,321.1475731819868,106.9,0.002395656891167164,0.008662264794111252,1823.467041015625,0.9043139815330505,0.9313622713088989,0.964667797088623,240.47220826148987
59,122880,1256,373.53440771996975,114.9,0.003127302974462509,0.007355759851634502,4115.62451171875,0.8976784348487854,0.9281138777732849,0.9643151164054871,240.22903895378113
60,124928,1276,288.66928881406784,112.0,0.0038555720821022987,0.016322650015354156,20835.771484375,0.8950063586235046,0.9274445176124573,0.9653462171554565,240.47206902503967
61,126976,1295,248.04912017583848,101.8,0.003113783895969391,-0.026758719235658646,968.8841552734375,0.8986650109291077,0.9249568581581116,0.9585744738578796,240.26057648658752
62,129024,1314,363.55168938934804,108.7,0.0053917644545435905,-0.011996306478977203,1229.44384765625,0.8908106088638306,0.9291185140609741,0.9601647257804871,240.36690139770508
63,131072,1335,298.22057591080664,99.5,0.003038543276488781,0.0024092011153697968,106576.0859375,0.8889780044555664,0.925777792930603,0.9573636054992676,240.44210529327393
64,133120,1357,417.9868017375469,97.9,0.004501228220760822,0.007875144481658936,2900.5224609375,0.8815271258354187,0.9244154691696167,0.9545146226882935,240.39807105064392
65,135168,1377,259.25806459933517,100.4,0.0064095137640833855,0.01180594228208065,3968.623046875,0.8826608061790466,0.9262351393699646,0.9588668942451477,240.2700924873352
66,137216,1397,364.40678443312646,105.8,0.0024003079161047935,-0.005816788878291845,3781.01416015625,0.8753563165664673,0.932618260383606,0.9580241441726685,240.25162649154663
67,139264,1419,568.0047024279833,94.9,0.004217567853629589,-0.013415530323982239,9617.26953125,0.8737972974777222,0.9370205402374268,0.9496128559112549,240.3522171974182
68,141312,1438,235.4097725301981,90.2,0.007062895223498344,-0.001868557184934616,19129.46875,0.8691891431808472,0.9363738298416138,0.9531462788581848,240.24846172332764
69,143360,1461,365.14075400531294,90.5,0.005622238852083683,-0.018649470061063766,2350.074462890625,0.8563627600669861,0.9359962344169617,0.944316029548645,240.37822723388672
70,145408,1483,370.93266955018044,100.5,0.00425019022077322,-0.0005966648459434509,1288.3497314453125,0.8496693968772888,0.9345463514328003,0.9443054795265198,240.3857183456421
71,147456,1504,266.0439564883709,105.5,0.004563863389194012,-0.019254865124821663,843.5543212890625,0.8466444611549377,0.9360175728797913,0.9453064799308777,240.54954767227173
72,149504,1524,281.552589198947,98.8,0.0067451223731040955,-0.014811504632234573,941.6039428710938,0.8451902270317078,0.9451214075088501,0.9516040682792664,240.33423113822937
73,151552,1544,311.8291891396046,108.2,0.009420977905392647,-0.010940887033939362,394.6545715332031,0.8388866782188416,0.9431410431861877,0.96369868516922,240.45757865905762
74,153600,1560,464.1213006004691,122.3,0.0028440291061997414,-0.00038573145866394043,5144.89404296875,0.8349435925483704,0.9453057050704956,0.968916118144989,240.31823182106018
75,155648,1580,215.22455463111402,97.0,0.006747283972799778,0.01146870106458664,65742.5,0.8352275490760803,0.9445024728775024,0.970580518245697,240.369282245636
76,157696,1596,345.51424008756874,136.2,0.003119717352092266,-0.005983076058328152,299.3822937011719,0.8214103579521179,0.932989239692688,0.9703437089920044,240.32584595680237
77,159744,1612,347.3739948257804,119.6,0.0038173245266079903,-0.005065061151981354,1819.797607421875,0.8081080913543701,0.92281174659729,0.9678297638893127,240.24334406852722
78,161792,1629,305.93551185280086,127.4,0.0006329547613859177,5.3802039474248886e-05,13139.3125,0.8032695651054382,0.9261050820350647,0.9742571115493774,240.5288679599762
79,163840,1647,227.12345633581282,97.9,0.004059252329170704,-0.002270616590976715,520.9225463867188,0.8070922493934631,0.931413471698761,0.9778185486793518,240.2173728942871
80,165888,1664,321.10664384961126,122.7,0.009532926604151726,-0.02892995811998844,413.7840881347656,0.8001191020011902,0.9293172955513,0.981725811958313,240.46901679039001
81,167936,1684,288.11596661359073,114.7,0.003082703799009323,0.0022916109301149845,280.1081237792969,0.8030332922935486,0.9305369853973389,0.9786928296089172,240.30868864059448
82,169984,1702,244.83643422722815,100.7,0.0031783487647771835,-0.01628953218460083,288.2062683105469,0.8023436665534973,0.9466280937194824,0.9793431758880615,240.40313696861267
83,172032,1719,434.4329222396016,125.8,0.012596496380865574,-0.01736789382994175,1130.8975830078125,0.8030016422271729,0.9522230625152588,0.9655030369758606,240.23283410072327
84,174080,1737,290.421805113554,119.9,0.003325140103697777,0.00114518404006958,760.4644775390625,0.7959533333778381,0.9568711519241333,0.9544248580932617,240.40907669067383
85,176128,1757,309.78335793539884,99.0,0.0034031011164188385,-0.004898108541965485,29228.625,0.7914427518844604,0.9560599327087402,0.9571161866188049,240.36390018463135
86,178176,1772,413.8626147713512,135.0,0.004527289420366287,-0.0022204499691724777,6194.40771484375,0.7884368896484375,0.956143319606781,0.9524928331375122,240.32122826576233
87,180224,1787,349.4324839413166,147.1,0.008743863552808762,0.009568125009536743,305.3157043457031,0.7832859754562378,0.9572653770446777,0.9309419393539429,240.174462556839
88,182272,1804,488.0157272964716,118.1,0.004222063347697258,0.015668954700231552,944.4883422851562,0.7677866220474243,0.9480182528495789,0.9353492856025696,240.16495370864868
89,184320,1823,265.71467854902147,104.3,0.004028730094432831,-0.00573938712477684,580.4924926757812,0.7538376450538635,0.9468143582344055,0.9336329698562622,240.25795674324036
90,186368,1841,292.37642477452755,100.9,0.006091512739658356,0.0021732673048973083,7713.1787109375,0.7508760094642639,0.9471315145492554,0.9501047134399414,240.19067907333374
91,188416,1858,224.02006779164077,106.5,0.013371960259974003,0.003628551959991455,1094.3382568359375,0.7466623187065125,0.9434635043144226,0.9532257318496704,240.17191553115845
92,190464,1875,292.57006989121436,127.7,0.01148455310612917,0.016826264560222626,409.2991943359375,0.74130779504776,0.9435959458351135,0.9393529891967773,240.1780514717102
93,192512,1894,545.3977687865496,114.1,0.0012770742177963257,0.0006229523569345474,9054.7529296875,0.738544762134552,0.9482634663581848,0.9401309490203857,240.31271886825562
94,194560,1911,309.47060437053443,112.9,0.0030745361000299454,-0.004428563639521599,7245.6298828125,0.7409263849258423,0.9474096894264221,0.95036381483078,240.18028593063354
95,196608,1927,287.2210996963084,120.0,0.004068054258823395,0.002655159682035446,559.9058837890625,0.740554928779602,0.9315099716186523,0.9380814433097839,240.29202151298523
96,198656,1944,340.99458617866037,109.1,0.011384249664843082,0.005082692950963974,527.0399169921875,0.7322008609771729,0.9389932751655579,0.935128390789032,240.1803834438324
97,200704,1960,335.4845568623394,124.6,0.005095445550978184,-0.004608523100614548,594.403076171875,0.739320695400238,0.9470105767250061,0.9387299418449402,240.13476729393005
98,202752,1977,376.7480313524604,144.7,0.003947560675442219,-0.0021089501678943634,1156.43212890625,0.7398790121078491,0.9431405067443848,0.9388781189918518,240.19396710395813
99,204800,1994,280.7311589971185,123.5,0.0027047833427786827,-0.012058988213539124,474.08624267578125,0.740384042263031,0.9146787524223328,0.9419968724250793,240.31993865966797
100,206848,2012,198.53559535443782,96.9,0.007460528984665871,-0.007558625191450119,613.475341796875,0.7366244196891785,0.9080809354782104,0.9539430141448975,240.2541584968567
101,208896,2027,339.5374659001827,121.5,0.0049630748108029366,0.0007896274328231812,1903.003662109375,0.7306851744651794,0.9056026935577393,0.9591056704521179,240.27106857299805
102,210944,2045,236.70624356642367,124.2,0.015961341559886932,-0.004817835986614227,583.0313110351562,0.7226979732513428,0.9049275517463684,0.9543999433517456,240.33065509796143
103,212992,2059,320.8353353977203,131.0,0.005556965246796608,0.004246496595442295,1121.9896240234375,0.7156128883361816,0.9171426892280579,0.9563392996788025,240.24672603607178
104,215040,2071,534.4163284599781,169.0,0.008613386191427708,0.0079019945114851,465.866943359375,0.7138752937316895,0.9144455194473267,0.9545010328292847,240.24100160598755
105,217088,2086,420.4140867590904,155.2,0.007718631997704506,0.015043267980217934,623.2479858398438,0.7220078110694885,0.9091746211051941,0.9491872191429138,240.15158200263977
106,219136,2104,312.62749874405563,121.7,0.0028035584837198257,-0.005322888493537903,6229.0224609375,0.7208052277565002,0.9044502973556519,0.941982626914978,240.54767656326294
107,221184,2118,325.18552147373555,128.1,0.011189635843038559,-0.0002661673352122307,578.194091796875,0.6976767778396606,0.9108158946037292,0.9266605377197266,240.09269785881042
108,223232,2133,359.8794962204993,128.8,0.008484957739710808,-0.01958584040403366,56887.12890625,0.6954983472824097,0.9124448299407959,0.9312289953231812,240.41882824897766
109,225280,2136,493.88891848698256,154.8,0.017033450305461884,0.008458726108074188,244.4210205078125,0.6876473426818848,0.8945295810699463,0.925873875617981,239.7022840976715
110,227328,2142,513.8050441667438,420.6,0.008628323674201965,-0.0017918013036251068,308.17083740234375,0.6859512329101562,0.8763083815574646,0.9567539691925049,240.00014209747314
111,229376,2156,263.73999361246825,122.7,0.00595664419233799,0.0029831863939762115,337.6793212890625,0.684412956237793,0.8743550777435303,0.956256091594696,240.1710638999939
112,231424,2171,1169.051191930473,147.0,0.004553820006549358,-0.0036064833402633667,30625.466796875,0.6863681674003601,0.8716365098953247,0.9541655778884888,240.28632259368896
113,233472,2186,301.5021675631404,132.4,0.005113583989441395,-0.0020692534744739532,561.1414184570312,0.6867470145225525,0.8712453842163086,0.9505388140678406,240.27574014663696
114,235520,2203,539.7053334146738,123.6,0.0070090945810079575,-0.02568710222840309,13007.8984375,0.685903787612915,0.8710412383079529,0.9484750032424927,240.19573545455933
115,237568,2220,470.2722662106156,124.9,0.0035749245434999466,-0.002398841083049774,939.8079833984375,0.6840090155601501,0.8673534393310547,0.9500752687454224,240.1871178150177
116,239616,2235,358.38036474585533,145.8,0.003912096843123436,-0.020716365426778793,22012.43359375,0.6778010725975037,0.8673633933067322,0.9554062485694885,240.11143445968628
117,241664,2249,493.2656639099121,146.7,0.006224616430699825,0.0031375139951705933,1760.3631591796875,0.6720789074897766,0.8607284426689148,0.9539332985877991,240.0973219871521
118,243712,2264,393.34842905402184,147.8,0.02555421181023121,0.002756655216217041,463.8948974609375,0.6741193532943726,0.8545029759407043,0.9459992051124573,240.08638215065002
119,245760,2283,241.3348810620606,110.2,0.006509346887469292,-0.012332066893577576,1263.559814453125,0.6723770499229431,0.8580251336097717,0.9398583173751831,240.2665786743164
